﻿<?xml version="1.0" encoding="utf-8"?>
<!--DO NOT EDIT. This document is generated by PSoC Creator design builds.-->
<PSoCCreatorIdeExport Version="1">
  <Device Part="CY8C5868AXI-LP035" Processor="CortexM3" DeviceID="2E123069" />
  <Toolchains>
    <Toolchain Name="ARM GCC Generic" Selected="True">
      <Tool Name="prebuild" Command="" Options="" />
      <Tool Name="assembler" Command="arm-none-eabi-as.exe" Options="-mcpu=cortex-m3 -mthumb -I. -IGenerated_Source\PSoC5 -alh=${OutputDir}/${CompileFile}.lst -g" />
      <Tool Name="compiler" Command="arm-none-eabi-gcc.exe" Options="-mcpu=cortex-m3 -mthumb -Wno-main -I. -IGenerated_Source\PSoC5 -Wa,-alh=${OutputDir}/${CompileFile}.lst -g -Wall -ffunction-sections -O0 -ffat-lto-objects" />
      <Tool Name="linker" Command="arm-none-eabi-gcc.exe" Options="-mcpu=cortex-m3 -mthumb -g -ffunction-sections -O0 -L Generated_Source\PSoC5 -Wl,-Map,${OutputDir}/${ProjectShortName}.map -T Generated_Source\PSoC5\cm3gcc.ld -specs=nano.specs -Wl,--gc-sections -lm" />
      <Tool Name="postbuild" Command="" Options="" />
    </Toolchain>
    <Toolchain Name="ARM MDK Generic" Selected="False">
      <Tool Name="prebuild" Command="" Options="" />
      <Tool Name="assembler" Command="armasm.exe" Options="--cpu=Cortex-M3 --diag_style=gnu --thumb -i. -iGenerated_Source\PSoC5 -g --list=${OutputDir}/${CompileFile}.lst" />
      <Tool Name="compiler" Command="armcc.exe" Options="--cpu=Cortex-M3 --diag_style=gnu --diag_suppress=951 -I. -IGenerated_Source\PSoC5 --list --signed_chars -g -D DEBUG -O0 --split_sections" />
      <Tool Name="linker" Command="armlink.exe" Options="--cpu=Cortex-M3 --diag_style=gnu --no_startup --library_type=microlib --map --list ${OutputDir}/${ProjectShortName}.map --scatter Generated_Source\PSoC5\Cm3RealView.scat" />
      <Tool Name="postbuild" Command="" Options="" />
    </Toolchain>
    <Toolchain Name="ARM IAR Generic" Selected="False">
      <Tool Name="prebuild" Command="" Options="" />
      <Tool Name="assembler" Command="iasmarm.exe" Options="--cpu Cortex-M3 -I. -IGenerated_Source\PSoC5 -s+ -M&lt;&gt; -w+ -r -DDEBUG --fpu None" />
      <Tool Name="compiler" Command="iccarm.exe" Options="--cpu Cortex-M3 -I. -IGenerated_Source\PSoC5 -D DEBUG --no_cse --no_unroll --no_inline --no_code_motion --no_tbaa --no_clustering --no_scheduling --debug --endian=little -e --fpu=None -On --no_wrap_diagnostics" />
      <Tool Name="linker" Command="ilinkarm.exe" Options="--semihosting --entry __iar_program_start --config Generated_Source\PSoC5\Cm3Iar.icf" />
      <Tool Name="postbuild" Command="" Options="" />
    </Toolchain>
  </Toolchains>
  <Project Name="EasyBoard" Path="C:\Users\jthem\Documents\PSoC Creator\PWMExample01\EasyBoard.cydsn" Version="5.30" Type="Normal">
    <CMSIS_SVD_File>EasyBoard.svd</CMSIS_SVD_File>
    <Datasheet />
    <LinkerFiles>
      <LinkerFile Toolchain="ARM GCC Generic">.\Generated_Source\PSoC5\cm3gcc.ld</LinkerFile>
      <LinkerFile Toolchain="ARM MDK Generic">.\Generated_Source\PSoC5\Cm3RealView.scat</LinkerFile>
      <LinkerFile Toolchain="ARM IAR Generic">.\Generated_Source\PSoC5\Cm3Iar.icf</LinkerFile>
    </LinkerFiles>
    <Folders>
      <Folder BuildType="BUILD" Path="C:\Users\jthem\Documents\PSoC Creator\PWMExample01\EasyBoard.cydsn">
        <Files Root="C:\Users\jthem\Documents\PSoC Creator\PWMExample01\EasyBoard.cydsn">
          <File BuildType="BUILD" Toolchain="">.\device.h</File>
          <File BuildType="BUILD" Toolchain="">.\cyapicallbacks.h</File>
          <File BuildType="BUILD" Toolchain="">.\FunctionGenerator.h</File>
          <File BuildType="BUILD" Toolchain="">.\Serial.h</File>
          <File BuildType="BUILD" Toolchain="">.\main.c</File>
          <File BuildType="BUILD" Toolchain="">.\FunctionGenerator.c</File>
          <File BuildType="BUILD" Toolchain="">.\Serial.c</File>
        </Files>
      </Folder>
      <Folder BuildType="STRICT" Path="C:\Users\jthem\Documents\PSoC Creator\PWMExample01\EasyBoard.cydsn\Generated_Source\PSoC5">
        <Files Root="C:\Users\jthem\Documents\PSoC Creator\PWMExample01\EasyBoard.cydsn">
          <File BuildType="BUILD" Toolchain="">.\Generated_Source\PSoC5\cyfitter_cfg.h</File>
          <File BuildType="BUILD" Toolchain="">.\Generated_Source\PSoC5\cyfitter_cfg.c</File>
          <File BuildType="BUILD" Toolchain="">.\Generated_Source\PSoC5\cymetadata.c</File>
          <File BuildType="BUILD" Toolchain="">.\Generated_Source\PSoC5\cydevice.h</File>
          <File BuildType="BUILD" Toolchain="">.\Generated_Source\PSoC5\cydevicegnu.inc</File>
          <File BuildType="BUILD" Toolchain="">.\Generated_Source\PSoC5\cydevicerv.inc</File>
          <File BuildType="BUILD" Toolchain="">.\Generated_Source\PSoC5\cydeviceiar.inc</File>
          <File BuildType="BUILD" Toolchain="">.\Generated_Source\PSoC5\cydevice_trm.h</File>
          <File BuildType="BUILD" Toolchain="">.\Generated_Source\PSoC5\cydevicegnu_trm.inc</File>
          <File BuildType="BUILD" Toolchain="">.\Generated_Source\PSoC5\cydevicerv_trm.inc</File>
          <File BuildType="BUILD" Toolchain="">.\Generated_Source\PSoC5\cydeviceiar_trm.inc</File>
          <File BuildType="BUILD" Toolchain="">.\Generated_Source\PSoC5\cyfittergnu.inc</File>
          <File BuildType="BUILD" Toolchain="">.\Generated_Source\PSoC5\cyfitterrv.inc</File>
          <File BuildType="BUILD" Toolchain="">.\Generated_Source\PSoC5\cyfitteriar.inc</File>
          <File BuildType="BUILD" Toolchain="">.\Generated_Source\PSoC5\cyfitter.h</File>
          <File BuildType="BUILD" Toolchain="">.\Generated_Source\PSoC5\cydisabledsheets.h</File>
          <File BuildType="BUILD" Toolchain="">.\Generated_Source\PSoC5\LCD.c</File>
          <File BuildType="BUILD" Toolchain="">.\Generated_Source\PSoC5\LCD.h</File>
          <File BuildType="BUILD" Toolchain="">.\Generated_Source\PSoC5\LCD_PM.c</File>
          <File BuildType="BUILD" Toolchain="">.\Generated_Source\PSoC5\LCD_LCDPort_aliases.h</File>
          <File BuildType="BUILD" Toolchain="">.\Generated_Source\PSoC5\LCD_LCDPort.c</File>
          <File BuildType="BUILD" Toolchain="">.\Generated_Source\PSoC5\LCD_LCDPort.h</File>
          <File BuildType="BUILD" Toolchain="">.\Generated_Source\PSoC5\cycodeshareimport.ld</File>
          <File BuildType="BUILD" Toolchain="">.\Generated_Source\PSoC5\cycodeshareexport.ld</File>
          <File BuildType="BUILD" Toolchain="">.\Generated_Source\PSoC5\cycodeshareimport.scat</File>
          <File BuildType="BUILD" Toolchain="">.\Generated_Source\PSoC5\cm3gcc.ld</File>
          <File BuildType="BUILD" Toolchain="">.\Generated_Source\PSoC5\Cm3RealView.scat</File>
          <File BuildType="BUILD" Toolchain="">.\Generated_Source\PSoC5\Cm3Start.c</File>
          <File BuildType="BUILD" Toolchain="">.\Generated_Source\PSoC5\core_cm3_psoc5.h</File>
          <File BuildType="BUILD" Toolchain="">.\Generated_Source\PSoC5\core_cm3.h</File>
          <File BuildType="BUILD" Toolchain="ARM GCC Generic">.\Generated_Source\PSoC5\CyBootAsmGnu.s</File>
          <File BuildType="BUILD" Toolchain="ARM MDK Generic">.\Generated_Source\PSoC5\CyBootAsmRv.s</File>
          <File BuildType="BUILD" Toolchain="">.\Generated_Source\PSoC5\CyDmac.c</File>
          <File BuildType="BUILD" Toolchain="">.\Generated_Source\PSoC5\CyDmac.h</File>
          <File BuildType="BUILD" Toolchain="">.\Generated_Source\PSoC5\CyFlash.c</File>
          <File BuildType="BUILD" Toolchain="">.\Generated_Source\PSoC5\CyFlash.h</File>
          <File BuildType="BUILD" Toolchain="">.\Generated_Source\PSoC5\CyLib.c</File>
          <File BuildType="BUILD" Toolchain="">.\Generated_Source\PSoC5\CyLib.h</File>
          <File BuildType="BUILD" Toolchain="">.\Generated_Source\PSoC5\cypins.h</File>
          <File BuildType="BUILD" Toolchain="">.\Generated_Source\PSoC5\cyPm.c</File>
          <File BuildType="BUILD" Toolchain="">.\Generated_Source\PSoC5\cyPm.h</File>
          <File BuildType="BUILD" Toolchain="">.\Generated_Source\PSoC5\CySpc.c</File>
          <File BuildType="BUILD" Toolchain="">.\Generated_Source\PSoC5\CySpc.h</File>
          <File BuildType="BUILD" Toolchain="">.\Generated_Source\PSoC5\cytypes.h</File>
          <File BuildType="BUILD" Toolchain="">.\Generated_Source\PSoC5\cyutils.c</File>
          <File BuildType="BUILD" Toolchain="">.\Generated_Source\PSoC5\core_cmFunc.h</File>
          <File BuildType="BUILD" Toolchain="">.\Generated_Source\PSoC5\core_cmInstr.h</File>
          <File BuildType="BUILD" Toolchain="">.\Generated_Source\PSoC5\Cm3Iar.icf</File>
          <File BuildType="BUILD" Toolchain="ARM IAR Generic">.\Generated_Source\PSoC5\CyBootAsmIar.s</File>
          <File BuildType="BUILD" Toolchain="">.\Generated_Source\PSoC5\project.h</File>
          <File BuildType="BUILD" Toolchain="">.\Generated_Source\PSoC5\USBUART.c</File>
          <File BuildType="BUILD" Toolchain="">.\Generated_Source\PSoC5\USBUART.h</File>
          <File BuildType="BUILD" Toolchain="">.\Generated_Source\PSoC5\USBUART_audio.c</File>
          <File BuildType="BUILD" Toolchain="">.\Generated_Source\PSoC5\USBUART_audio.h</File>
          <File BuildType="BUILD" Toolchain="">.\Generated_Source\PSoC5\USBUART_boot.c</File>
          <File BuildType="BUILD" Toolchain="">.\Generated_Source\PSoC5\USBUART_cdc.c</File>
          <File BuildType="BUILD" Toolchain="">.\Generated_Source\PSoC5\USBUART_cdc.h</File>
          <File BuildType="BUILD" Toolchain="">.\Generated_Source\PSoC5\USBUART_cls.c</File>
          <File BuildType="BUILD" Toolchain="">.\Generated_Source\PSoC5\USBUART_descr.c</File>
          <File BuildType="BUILD" Toolchain="">.\Generated_Source\PSoC5\USBUART_drv.c</File>
          <File BuildType="BUILD" Toolchain="">.\Generated_Source\PSoC5\USBUART_episr.c</File>
          <File BuildType="BUILD" Toolchain="">.\Generated_Source\PSoC5\USBUART_hid.c</File>
          <File BuildType="BUILD" Toolchain="">.\Generated_Source\PSoC5\USBUART_hid.h</File>
          <File BuildType="BUILD" Toolchain="">.\Generated_Source\PSoC5\USBUART_pm.c</File>
          <File BuildType="BUILD" Toolchain="">.\Generated_Source\PSoC5\USBUART_std.c</File>
          <File BuildType="BUILD" Toolchain="">.\Generated_Source\PSoC5\USBUART_vnd.c</File>
          <File BuildType="BUILD" Toolchain="">.\Generated_Source\PSoC5\USBUART_midi.c</File>
          <File BuildType="BUILD" Toolchain="">.\Generated_Source\PSoC5\USBUART_midi.h</File>
          <File BuildType="BUILD" Toolchain="">.\Generated_Source\PSoC5\USBUART_pvt.h</File>
          <File BuildType="BUILD" Toolchain="">.\Generated_Source\PSoC5\USBUART_cydmac.h</File>
          <File BuildType="BUILD" Toolchain="">.\Generated_Source\PSoC5\USBUART_msc.c</File>
          <File BuildType="BUILD" Toolchain="">.\Generated_Source\PSoC5\USBUART_msc.h</File>
          <File BuildType="BUILD" Toolchain="">.\Generated_Source\PSoC5\USBUART_Dm_aliases.h</File>
          <File BuildType="BUILD" Toolchain="">.\Generated_Source\PSoC5\USBUART_Dm.c</File>
          <File BuildType="BUILD" Toolchain="">.\Generated_Source\PSoC5\USBUART_Dm.h</File>
          <File BuildType="BUILD" Toolchain="">.\Generated_Source\PSoC5\USBUART_Dp_aliases.h</File>
          <File BuildType="BUILD" Toolchain="">.\Generated_Source\PSoC5\USBUART_Dp.c</File>
          <File BuildType="BUILD" Toolchain="">.\Generated_Source\PSoC5\USBUART_Dp.h</File>
          <File BuildType="BUILD" Toolchain="">.\Generated_Source\PSoC5\WaveDAC_1.c</File>
          <File BuildType="BUILD" Toolchain="">.\Generated_Source\PSoC5\WaveDAC_1.h</File>
          <File BuildType="BUILD" Toolchain="">.\Generated_Source\PSoC5\WaveDAC_1_PM.c</File>
          <File BuildType="BUILD" Toolchain="">.\Generated_Source\PSoC5\WaveDAC_1_Wave1_DMA_dma.c</File>
          <File BuildType="BUILD" Toolchain="">.\Generated_Source\PSoC5\WaveDAC_1_Wave1_DMA_dma.h</File>
          <File BuildType="BUILD" Toolchain="">.\Generated_Source\PSoC5\WaveDAC_1_Wave2_DMA_dma.c</File>
          <File BuildType="BUILD" Toolchain="">.\Generated_Source\PSoC5\WaveDAC_1_Wave2_DMA_dma.h</File>
          <File BuildType="BUILD" Toolchain="">.\Generated_Source\PSoC5\WaveDAC_1_IDAC8.c</File>
          <File BuildType="BUILD" Toolchain="">.\Generated_Source\PSoC5\WaveDAC_1_IDAC8.h</File>
          <File BuildType="BUILD" Toolchain="">.\Generated_Source\PSoC5\WaveDAC_1_IDAC8_PM.c</File>
          <File BuildType="BUILD" Toolchain="">.\Generated_Source\PSoC5\WaveDAC_0_OUT_aliases.h</File>
          <File BuildType="BUILD" Toolchain="">.\Generated_Source\PSoC5\WaveDAC_0_OUT.c</File>
          <File BuildType="BUILD" Toolchain="">.\Generated_Source\PSoC5\WaveDAC_0_OUT.h</File>
          <File BuildType="BUILD" Toolchain="">.\Generated_Source\PSoC5\WaveDAC_1_OUT_aliases.h</File>
          <File BuildType="BUILD" Toolchain="">.\Generated_Source\PSoC5\WaveDAC_1_OUT.c</File>
          <File BuildType="BUILD" Toolchain="">.\Generated_Source\PSoC5\WaveDAC_1_OUT.h</File>
          <File BuildType="BUILD" Toolchain="">.\Generated_Source\PSoC5\WaveDAC_0.c</File>
          <File BuildType="BUILD" Toolchain="">.\Generated_Source\PSoC5\WaveDAC_0.h</File>
          <File BuildType="BUILD" Toolchain="">.\Generated_Source\PSoC5\WaveDAC_0_PM.c</File>
          <File BuildType="BUILD" Toolchain="">.\Generated_Source\PSoC5\WaveDAC_0_Wave1_DMA_dma.c</File>
          <File BuildType="BUILD" Toolchain="">.\Generated_Source\PSoC5\WaveDAC_0_Wave1_DMA_dma.h</File>
          <File BuildType="BUILD" Toolchain="">.\Generated_Source\PSoC5\WaveDAC_0_Wave2_DMA_dma.c</File>
          <File BuildType="BUILD" Toolchain="">.\Generated_Source\PSoC5\WaveDAC_0_Wave2_DMA_dma.h</File>
          <File BuildType="BUILD" Toolchain="">.\Generated_Source\PSoC5\WaveDAC_0_IDAC8.c</File>
          <File BuildType="BUILD" Toolchain="">.\Generated_Source\PSoC5\WaveDAC_0_IDAC8.h</File>
          <File BuildType="BUILD" Toolchain="">.\Generated_Source\PSoC5\WaveDAC_0_IDAC8_PM.c</File>
          <File BuildType="BUILD" Toolchain="">.\Generated_Source\PSoC5\WaveDAC_0_Clock.c</File>
          <File BuildType="BUILD" Toolchain="">.\Generated_Source\PSoC5\WaveDAC_0_Clock.h</File>
          <File BuildType="BUILD" Toolchain="">.\Generated_Source\PSoC5\WaveDAC_1_Clock.c</File>
          <File BuildType="BUILD" Toolchain="">.\Generated_Source\PSoC5\WaveDAC_1_Clock.h</File>
        </Files>
      </Folder>
      <Folder BuildType="STRICT" Path="C:\Users\jthem\Documents\PSoC Creator\PWMExample01\EasyBoard.cydsn\Export\ARM_GCC_Generic">
        <Files Root="C:\Users\jthem\Documents\PSoC Creator\PWMExample01\EasyBoard.cydsn">
          <File BuildType="BUILD" Toolchain="ARM GCC Generic">.\Export\ARM_GCC_Generic\CyComponentLibrary.a</File>
        </Files>
      </Folder>
      <Folder BuildType="STRICT" Path="C:\Users\jthem\Documents\PSoC Creator\PWMExample01\EasyBoard.cydsn\Export\ARM_MDK_Generic">
        <Files Root="C:\Users\jthem\Documents\PSoC Creator\PWMExample01\EasyBoard.cydsn">
          <File BuildType="BUILD" Toolchain="ARM MDK Generic">.\Export\ARM_MDK_Generic\CyComponentLibrary.a</File>
        </Files>
      </Folder>
      <Folder BuildType="STRICT" Path="C:\Users\jthem\Documents\PSoC Creator\PWMExample01\EasyBoard.cydsn\Export\ARM_IAR_Generic">
        <Files Root="C:\Users\jthem\Documents\PSoC Creator\PWMExample01\EasyBoard.cydsn">
          <File BuildType="BUILD" Toolchain="ARM IAR Generic">.\Export\ARM_IAR_Generic\CyComponentLibrary.a</File>
        </Files>
      </Folder>
      <Folder BuildType="EXCLUDE" Path=".\codegentemp">
        <Files Root="C:\Users\jthem\Documents\PSoC Creator\PWMExample01\EasyBoard.cydsn" />
      </Folder>
      <Folder BuildType="EXCLUDE" Path=".\ARM_GCC_441">
        <Files Root="C:\Users\jthem\Documents\PSoC Creator\PWMExample01\EasyBoard.cydsn" />
      </Folder>
      <Folder BuildType="EXCLUDE" Path=".\ARM_GCC_473">
        <Files Root="C:\Users\jthem\Documents\PSoC Creator\PWMExample01\EasyBoard.cydsn" />
      </Folder>
      <Folder BuildType="EXCLUDE" Path=".\DP8051_Keil_952">
        <Files Root="C:\Users\jthem\Documents\PSoC Creator\PWMExample01\EasyBoard.cydsn" />
      </Folder>
      <Folder BuildType="EXCLUDE" Path=".\DP8051">
        <Files Root="C:\Users\jthem\Documents\PSoC Creator\PWMExample01\EasyBoard.cydsn" />
      </Folder>
      <Folder BuildType="EXCLUDE" Path=".\CortexM0">
        <Files Root="C:\Users\jthem\Documents\PSoC Creator\PWMExample01\EasyBoard.cydsn" />
      </Folder>
      <Folder BuildType="EXCLUDE" Path=".\CortexM3">
        <Files Root="C:\Users\jthem\Documents\PSoC Creator\PWMExample01\EasyBoard.cydsn" />
      </Folder>
      <Folder BuildType="EXCLUDE" Path=".\Generated_Source\PSoC3">
        <Files Root="C:\Users\jthem\Documents\PSoC Creator\PWMExample01\EasyBoard.cydsn" />
      </Folder>
      <Folder BuildType="EXCLUDE" Path=".\Generated_Source\PSoC4">
        <Files Root="C:\Users\jthem\Documents\PSoC Creator\PWMExample01\EasyBoard.cydsn" />
      </Folder>
    </Folders>
  </Project>
</PSoCCreatorIdeExport>